label,samples,depth,bids,diff,ci,made_all,made_1,made_24,made_58,user_s,wall_s
both-K32-d1,32,1,both,+0.8,0.3,0.678,0.773,0.669,0.609,1199.02,38.235291004
play-K32-d1,32,1,play,+0.4,0.2,0.679,0.783,0.687,0.583,473.82,15.281618526
both-K32-d2,32,2,both,+4.8,0.4,0.695,0.773,0.681,0.644,1909.41,60.713466176
play-K32-d2,32,2,play,+2.8,0.2,0.690,0.783,0.697,0.606,773.25,24.711086512
both-K32-d3,32,3,both,+6.6,0.4,0.702,0.774,0.697,0.649,2293.61,72.096955560
play-K32-d3,32,3,play,+3.5,0.2,0.694,0.783,0.698,0.615,910.79,28.649158323
both-K32-d4,32,4,both,+6.3,0.4,0.701,0.773,0.703,0.640,2503.44,78.506896080
play-K32-d4,32,4,play,+3.6,0.2,0.694,0.783,0.699,0.616,976.76,30.674976158
both-K32-d5,32,5,both,+6.4,0.4,0.703,0.773,0.705,0.641,2558.89,80.219671763
play-K32-d5,32,5,play,+3.7,0.2,0.695,0.783,0.699,0.618,995.80,31.272475301
both-K32-d6,32,6,both,+6.3,0.4,0.703,0.773,0.703,0.645,2546.08,79.820223908
play-K32-d6,32,6,play,+3.7,0.2,0.696,0.783,0.699,0.619,983.40,30.887005637
both-K32-dfull,32,full,both,+6.7,0.4,0.706,0.773,0.703,0.653,2498.79,78.335362097
play-K32-dfull,32,full,play,+3.5,0.2,0.695,0.783,0.699,0.617,982.95,30.874246075
both-K8-dfull,8,full,both,+0.0,0.4,0.672,0.765,0.673,0.592,633.41,19.864973259
both-K16-dfull,16,full,both,+3.8,0.4,0.692,0.770,0.690,0.627,1252.99,39.284290657
both-K64-dfull,64,full,both,+8.6,0.4,0.715,0.775,0.710,0.671,5004.17,157.114001609
both-K128-dfull,128,full,both,+9.6,0.3,0.720,0.775,0.715,0.680,9992.01,313.257719350
both-K8-d2,8,2,both,+1.1,0.4,0.676,0.764,0.660,0.619,489.82,15.378619334
both-K128-d2,128,2,both,+5.9,0.4,0.701,0.776,0.687,0.652,7694.20,241.380649759
